City,Cloudiness,Country,Date,Humidity,Lat,Lng,Max Temp,Wind Speed
mataura,46,NZ,1584820089,89,-46.19,168.86,53.00600000000003,14.00362
padang,46,ID,1584820091,94,-0.95,100.35,68.27000000000007,4.76481
salalah,40,OM,1584820073,88,17.02,54.09,78.8,9.1717
souillac,40,MU,1584820095,65,-20.52,57.52,78.8,10.2902
kashi,100,CN,1584820097,17,39.45,75.98,57.2,6.711
waingapu,63,ID,1584820100,75,-9.66,120.26,83.858,10.692860000000001
buchanan,75,LR,1584820102,88,5.88,-10.05,77.0,8.0532
saskylakh,95,RU,1584820104,70,71.92,114.08,-5.7099999999999795,14.04836
imeni poliny osipenko,100,RU,1584820106,79,52.42,136.49,13.658000000000005,1.96856
pangai,75,TO,1584820108,82,-19.8,-174.35,79.25,6.2636
ushuaia,75,AR,1584820110,75,-54.8,-68.3,46.4,8.0532
tiksi,37,RU,1584820112,88,71.69,128.87,-13.989999999999966,9.52962
punta arenas,75,CL,1584819850,71,-53.15,-70.92,53.6,23.041100000000004
micoud,20,LC,1584820117,70,13.82,-60.9,84.2,20.804100000000002
castro,1,BR,1584820106,89,-24.79,-50.01,68.01800000000009,1.70012
vaini,75,TO,1584820121,83,-21.2,-175.2,78.8,10.2902
geraldton,0,AU,1584820123,64,-28.77,114.6,73.4,3.3555
new norfolk,75,AU,1584820125,93,-42.78,147.06,51.8,3.3555
clyde river,75,CA,1584820127,77,70.47,-68.59,-0.39999999999994884,4.45163
hilo,90,US,1584820129,78,19.73,-155.09,73.4,10.2902
busselton,0,AU,1584820067,50,-33.65,115.33,62.99600000000005,14.92079
sabha,0,LY,1584820133,33,27.04,14.43,70.97000000000006,6.08464
severo-kurilsk,100,RU,1584820136,95,50.68,156.12,26.078000000000067,28.00724
rikitea,0,PF,1584820138,77,-23.12,-134.97,78.89000000000001,8.43349
lorengau,87,PG,1584820140,69,-2.02,147.27,84.11000000000008,5.41354
albany,1,US,1584820142,34,42.6,-73.97,46.004000000000055,14.987900000000002
zhezkazgan,0,KZ,1584820144,87,47.8,67.71,27.338000000000044,13.936510000000002
ribeira grande,20,PT,1584820079,54,38.52,-28.7,57.2,11.4087
mar del plata,0,AR,1584819943,42,-38.0,-57.56,82.99400000000007,13.8694
ankazoabo,0,MG,1584820153,95,-22.28,44.52,67.55,1.90145
lebu,100,CL,1584820155,62,-37.62,-73.65,60.71000000000008,8.63482
chokurdakh,0,RU,1584820157,93,70.63,147.92,-11.721999999999937,5.70435
san ramon,90,US,1584820051,71,37.78,-121.98,62.99600000000005,9.1717
taybad,72,IR,1584820161,72,34.74,60.78,54.69800000000002,22.23578
port hedland,68,AU,1584820163,89,-20.32,118.57,84.2,6.9347
acapulco,5,MX,1584820165,70,16.86,-99.89,86.0,10.2902
jinka,100,ET,1584820167,79,5.65,36.65,70.71800000000009,8.187420000000001
sioux lookout,20,CA,1584819934,25,50.1,-91.92,26.6,6.9347
ola,100,RU,1584820174,90,59.58,151.28,14.918000000000085,10.111239999999999
kruisfontein,0,ZA,1584820176,92,-34.0,24.73,60.09800000000003,2.57255
taoudenni,0,ML,1584820178,17,22.68,-3.98,74.49800000000002,8.81378
alakurtti,0,RU,1584820182,81,66.97,30.35,17.798000000000023,7.65054
kapaa,90,US,1584820184,88,22.08,-159.32,78.99800000000002,4.6977
san patricio,75,MX,1584820186,74,19.22,-104.7,86.0,11.4087
zlobin,87,HR,1584820188,63,45.29,14.65,53.99600000000005,5.010880000000001
bowen,43,AU,1584820193,88,-20.02,148.23,75.99199999999999,6.9347
isiolo,100,KE,1584820195,73,0.35,37.58,71.61800000000008,5.88331
yuli,5,NG,1584820197,15,9.7,10.27,88.17800000000007,2.6844
faanui,87,PF,1584820199,73,-16.48,-151.75,83.67800000000007,10.35731
hermanus,0,ZA,1584820201,83,-34.42,19.23,66.00200000000008,14.29443
marondera,49,ZW,1584820112,82,-18.19,31.55,66.2,4.6977
tura,67,IN,1584820206,34,25.52,90.22,73.058,5.3688
dikson,31,RU,1584820208,99,73.51,80.55,-15.501999999999974,9.50725
nikolskoye,51,RU,1584820210,68,59.7,30.79,28.994000000000074,6.711
tuktoyaktuk,75,CA,1584820212,92,69.45,-133.04,19.4,12.750900000000001
namatanai,82,PG,1584820214,73,-3.67,152.43,83.67800000000007,5.61487
huescar,18,ES,1584820216,97,37.81,-2.54,46.004000000000055,1.00665
opuwo,0,NA,1584820218,64,-18.06,13.84,72.69800000000002,2.28174
edenderry,90,IE,1584820220,75,53.35,-7.05,46.004000000000055,9.1717
provideniya,1,RU,1584820225,80,64.38,-173.3,4.118000000000087,4.2503
pechenga,58,RU,1584820227,79,69.53,31.17,26.6,42.503
bilibino,86,RU,1584820229,73,68.05,166.44,-9.201999999999977,2.99758
kavaratti,89,IN,1584820233,66,10.57,72.64,82.77800000000006,8.03083
saint george,25,US,1584820175,46,37.1,-113.58,59.0,3.3555
ponta do sol,20,PT,1584820237,48,32.67,-17.1,60.8,13.8694
kaeo,6,NZ,1584820239,90,-35.1,173.78,64.00400000000005,2.99758
iskateley,62,RU,1584820241,89,67.68,53.15,11.498000000000026,9.93228
carnarvon,75,AU,1584820244,83,-24.87,113.63,78.8,10.2902
norman wells,40,CA,1584820246,55,65.28,-126.83,35.6,16.1064
kamenka,100,RU,1584820248,76,51.32,42.77,35.00600000000003,1.99093
airai,75,TL,1584820250,91,-8.93,125.41,65.31800000000008,3.66868
luau,100,AO,1584820252,91,-10.71,22.22,67.11800000000008,3.10943
san jeronimo,100,PE,1584820082,76,-11.95,-75.28,49.838000000000044,5.92805
black diamond,90,US,1584820256,81,47.31,-122.0,51.998000000000026,4.20556
avarua,100,CK,1584820025,74,-21.21,-159.78,82.4,6.9347
balikpapan,20,ID,1584820261,100,-1.27,116.83,75.2,3.91475
mitsamiouli,90,KM,1584820263,71,-11.38,43.28,83.858,8.34401
hobart,75,AU,1584820265,93,-42.88,147.33,51.8,3.3555
belaya gora,2,RU,1584820267,72,68.53,146.42,-2.9019999999999726,2.99758
bluff,100,NZ,1584820269,89,-46.6,168.33,53.00600000000003,15.994550000000002
fare,67,PF,1584820271,72,-16.7,-151.02,84.03800000000004,8.970369999999999
cape town,1,ZA,1584819994,88,-33.93,18.42,66.99199999999999,12.750900000000001
jamestown,40,US,1584820275,58,42.1,-79.24,35.00600000000003,9.1717
flinders,0,AU,1584820277,100,-34.58,150.86,64.99400000000007,11.252110000000002
turkan,100,AZ,1584820280,87,40.36,50.22,48.2,5.167470000000001
yellowknife,90,CA,1584820022,92,62.46,-114.35,28.994000000000074,10.2902
east london,5,ZA,1584820284,77,-33.02,27.91,71.79800000000003,5.256950000000001
bengkulu,83,ID,1584820288,89,-3.8,102.27,73.058,3.26602
omboue,100,GA,1584820292,91,-1.57,9.26,75.75800000000001,2.39359
ouro preto do oeste,100,BR,1584820294,92,-10.75,-62.22,77.558,2.37122
mitchell,20,US,1584820159,59,43.71,-98.03,33.998000000000026,17.2249
lamu,0,KE,1584820299,71,-2.27,40.9,84.57800000000006,13.578590000000002
balaguer,20,ES,1584820301,76,41.79,0.81,53.6,6.9347
sirari,94,TZ,1584820303,70,-1.23,34.43,64.41800000000009,6.554410000000001
joshimath,91,IN,1584820305,71,30.57,79.57,35.258,6.129380000000001
vardo,100,NO,1584820307,90,70.37,31.11,30.758000000000003,22.54896
saint-pierre,90,RE,1584820309,73,-21.34,55.48,77.0,9.1717
las vegas,1,US,1584820164,41,36.17,-115.14,62.6,4.6977
uaua,94,BR,1584820313,62,-9.84,-39.48,81.33800000000005,4.31741
bama,76,NG,1584820316,14,11.52,13.69,83.31800000000008,8.47823
puerto del rosario,40,ES,1584820318,52,28.5,-13.86,64.4,16.1064
kerewan,0,GM,1584820320,51,13.49,-16.09,80.6,8.0532
prince rupert,90,CA,1584820322,72,54.32,-130.32,41.0,8.0532
puerto ayora,20,EC,1584820324,70,-0.74,-90.35,84.2,11.4087
hobyo,61,SO,1584820328,73,5.35,48.53,82.058,11.07315
kodiak,90,US,1584820330,69,57.79,-152.41,39.2,6.9347
savannah bight,0,HN,1584820332,76,16.45,-85.85,80.25800000000001,18.1197
lompoc,20,US,1584820335,55,34.64,-120.46,64.00400000000005,5.8162
titisee-neustadt,90,DE,1584820337,86,47.9,8.17,42.998000000000026,8.0532
bethel,20,US,1584820339,31,41.37,-73.41,51.998000000000026,12.750900000000001
lagoa,0,PT,1584820341,67,39.05,-27.98,54.69800000000002,18.45525
dingle,12,PH,1584820343,87,11.0,122.67,74.858,9.52962
karratha,14,AU,1584820345,72,-20.74,116.85,86.91800000000009,8.29927
mahebourg,40,MU,1584820349,65,-20.41,57.7,78.8,10.2902
mingoyo,75,TZ,1584820352,94,-10.1,39.63,78.8,9.1717
solnechnyy,0,RU,1584820354,79,50.72,136.63,11.498000000000026,6.57678
devrek,6,TR,1584820356,81,41.22,31.96,37.958000000000006,5.45828
cabo san lucas,40,MX,1584820127,48,22.89,-109.91,80.00600000000003,11.4087
sandwick,100,GB,1584820362,72,60.0,-1.25,42.8,26.396600000000003
emerald,69,AU,1584820364,88,-23.53,148.17,68.0,5.8162
te anau,48,NZ,1584820366,80,-45.42,167.72,51.09800000000003,9.90991
albenga,20,IT,1584820368,62,44.05,8.22,57.00200000000008,5.8162
saldanha,0,ZA,1584820371,72,-33.01,17.94,64.4,8.0532
aklavik,40,CA,1584820373,86,68.22,-135.01,28.4,3.33313
ouadda,95,CF,1584820375,21,8.08,22.4,83.13800000000005,4.474
tanete,100,ID,1584820377,99,-3.94,119.78,73.77800000000006,0.73821
jimo,0,CN,1584820379,46,36.39,120.46,51.008,11.185
cap malheureux,40,MU,1584820381,65,-19.98,57.61,78.8,10.2902
kahului,75,US,1584820383,88,20.89,-156.47,77.0,10.2902
atuona,33,PF,1584820385,72,-9.8,-139.03,83.13800000000005,9.97702
victor harbor,75,AU,1584820387,82,-35.57,138.62,60.008,13.8694
ilulissat,40,GL,1584820390,71,69.22,-51.1,6.800000000000001,5.8162
luena,90,AO,1584820392,95,-11.78,19.92,64.958,2.08041
dudinka,40,RU,1584820394,84,69.41,86.18,-2.199999999999946,20.133000000000003
georgetown,20,MY,1584820149,88,5.41,100.34,80.6,2.93047
kaitangata,96,NZ,1584820398,79,-46.28,169.85,55.99400000000007,27.26903
vestmanna,100,FO,1584820400,86,62.16,-7.17,41.0,17.2249
kirakira,96,SB,1584820402,79,-10.45,161.92,80.61800000000008,3.6463099999999997
barrow,90,US,1584820404,78,71.29,-156.79,10.399999999999999,9.1717
tasiilaq,0,GL,1584820409,53,65.61,-37.64,21.2,3.3555
thompson,40,CA,1584820314,27,55.74,-97.86,26.6,9.1717
beruwala,75,LK,1584820413,86,6.48,79.98,75.39800000000002,4.22793
havre-saint-pierre,1,CA,1584820415,48,50.23,-63.6,21.2,23.041100000000004
katsuura,41,JP,1584820417,62,35.13,140.3,55.4,3.3555
bambous virieux,40,MU,1584820419,65,-20.34,57.76,78.8,10.2902
santiago,20,CL,1584820370,52,-33.46,-70.65,71.99600000000005,5.8162
itarema,100,BR,1584820423,88,-2.92,-39.92,77.558,3.40024
namibe,19,AO,1584820426,81,-15.2,12.15,73.59800000000003,8.29927
panaba,0,MX,1584820428,62,21.28,-88.27,82.958,15.68137
kapoeta,0,SS,1584820430,55,4.77,33.59,82.41800000000009,5.010880000000001
genhe,7,CN,1584820432,94,50.78,121.52,8.258000000000003,2.41596
graham,90,US,1584820434,71,47.05,-122.29,51.998000000000026,1.5435299999999998
kautokeino,100,NO,1584820436,78,69.01,23.04,22.478000000000065,15.524780000000002
luoyang,73,CN,1584820438,37,34.68,112.45,55.77800000000006,5.122730000000001
mount gambier,49,AU,1584820442,93,-37.83,140.77,51.8,8.0532
mikhaylovka,100,RU,1584820445,49,50.06,43.24,42.008,7.292619999999999
port blair,0,IN,1584820447,62,11.67,92.75,81.33800000000005,4.58585
port alfred,51,ZA,1584820449,91,-33.59,26.89,66.99199999999999,4.40689
comodoro rivadavia,75,AR,1584820422,29,-45.87,-67.5,77.0,32.2128
upernavik,100,GL,1584820453,96,72.79,-56.15,-1.1019999999999754,6.73337
cidreira,0,BR,1584820457,65,-30.18,-50.21,73.958,10.044130000000001
cherskiy,0,RU,1584820459,77,68.75,161.3,-5.781999999999968,9.82043
narsaq,75,GL,1584820462,42,60.92,-46.05,28.4,19.4619
north bend,1,US,1584820464,66,43.41,-124.22,60.008,16.1064
belle fourche,1,US,1584820466,34,44.67,-103.85,51.998000000000026,18.3434
coihaique,90,CL,1584820468,77,-45.58,-72.07,60.8,3.3555
isangel,75,VU,1584820470,88,-19.55,169.27,75.2,16.86698
berlevag,100,NO,1584820472,91,70.86,29.09,36.69800000000002,20.71462
barra,100,BR,1584820474,69,-11.09,-43.14,80.61800000000008,1.92382
wahpeton,40,US,1584820478,58,46.27,-96.61,32.0,19.4619
asilah,75,MA,1584820481,87,35.47,-6.03,57.2,8.0532
piacabucu,60,BR,1584820483,83,-10.41,-36.43,82.058,9.68621
ipixuna,75,BR,1584820485,88,-1.76,-48.8,80.6,2.237
college,90,US,1584820487,100,64.86,-147.8,32.0,3.10943
rosarito,75,MX,1584820491,67,32.33,-117.03,68.0,9.1717
tahta,0,EG,1584820493,38,26.77,31.5,60.8,8.0532
turayf,75,SA,1584820495,100,31.67,38.66,39.2,13.8694
wufeng,100,CN,1584820498,89,27.45,104.83,53.61800000000009,3.24365
luanda,20,AO,1584820201,69,-8.84,13.23,80.6,6.9347
pevek,0,RU,1584820502,82,69.7,170.31,-10.821999999999932,10.044130000000001
kalga,100,RU,1584820504,78,50.93,118.9,13.838000000000044,2.59492
touros,20,BR,1584820506,58,-5.2,-35.46,87.8,13.8694
hasaki,89,JP,1584820508,93,35.73,140.83,44.6,2.237
kalmunai,88,LK,1584820510,70,7.42,81.82,80.79800000000003,8.34401
raudeberg,100,NO,1584820512,64,61.99,5.14,39.2,13.8694
bredasdorp,4,ZA,1584820515,77,-34.53,20.04,66.2,3.3555
sao joao da ponte,100,BR,1584820517,91,-15.93,-44.01,73.41800000000009,2.79625
acajutla,0,SV,1584820513,44,13.59,-89.83,87.99800000000002,4.004230000000001
shawville,75,CA,1584820521,34,45.6,-76.48,28.004000000000055,1.00665
luderitz,0,NA,1584820523,77,-26.65,15.16,64.4,18.3434
caravelas,100,BR,1584820527,84,-17.71,-39.25,82.77800000000006,12.68379
aasiaat,100,GL,1584820529,92,68.71,-52.87,4.838000000000044,8.25453
iqaluit,75,CA,1584820531,69,63.75,-68.51,-7.005999999999979,26.396600000000003
baturite,100,BR,1584820534,89,-4.33,-38.88,76.29800000000003,1.96856
asau,90,RO,1584820536,86,46.43,26.4,41.0,23.041100000000004
kitimat,75,CA,1584820411,60,54.05,-128.65,41.0,3.3555
mitu,92,CO,1584820540,54,1.2,-70.17,90.69800000000002,2.97521
kavieng,83,PG,1584820542,73,-2.57,150.8,83.31800000000008,2.6844
hokitika,78,NZ,1584820441,81,-42.72,170.97,62.79800000000002,16.59854
guerrero,100,MX,1584820546,50,17.67,-100.0,72.69800000000002,4.0266
tamiahua,0,MX,1584820548,85,21.27,-97.45,74.858,7.96372
muros,75,ES,1584820550,93,42.78,-9.06,57.00200000000008,3.3555
okhotsk,100,RU,1584820553,68,59.38,143.3,12.938000000000045,9.14933
cachoeira do sul,0,BR,1584820555,44,-30.04,-52.89,78.99800000000002,3.78053
ozernovskiy,100,RU,1584820557,88,51.5,156.52,29.498000000000026,29.10337
muscat,20,OM,1584820297,51,23.61,58.59,80.6,13.8694
athabasca,49,CA,1584820561,86,54.72,-113.29,32.378000000000064,14.13784
burnie,84,AU,1584820567,77,-41.07,145.92,53.00600000000003,7.00181
verkhnyaya inta,100,RU,1584820570,95,65.98,60.31,9.338000000000044,9.373030000000002
khani,90,GE,1584820572,81,41.96,42.96,48.2,2.237
haapiti,75,PF,1584820574,66,-17.57,-149.87,86.0,4.6977
qaanaaq,100,GL,1584820576,61,77.48,-69.36,-5.781999999999968,1.49879
tarrafal,20,CV,1584820578,69,15.28,-23.77,73.4,19.4619
qasigiannguit,40,GL,1584820580,71,68.82,-51.19,6.800000000000001,5.8162
port moresby,40,PG,1584820582,100,-9.44,147.18,77.0,1.1185
fairbanks,90,US,1584820338,100,64.84,-147.72,30.002000000000077,3.5792
ancud,90,CL,1584820587,87,-41.87,-73.82,57.2,14.987900000000002
ossora,100,RU,1584820589,94,59.24,163.07,33.81800000000008,17.18016
hithadhoo,1,MV,1584820591,67,-0.6,73.08,83.67800000000007,2.19226
asfi,1,MA,1584820593,87,32.3,-9.24,53.07800000000007,5.61487
springbok,0,ZA,1584820595,54,-29.66,17.89,60.458000000000006,5.077990000000001
coolum beach,29,AU,1584820597,96,-26.53,153.1,69.99800000000002,1.99093
matara,62,LK,1584820599,90,5.95,80.54,72.87800000000007,5.50302
rawson,100,AR,1584820601,45,-43.3,-65.1,71.61800000000008,10.35731
kendari,100,ID,1584820603,97,-3.94,122.5,72.87800000000007,4.16082
monrovia,75,LR,1584820606,88,6.3,-10.8,77.0,6.39782
dubrovnik,100,HR,1584820608,47,42.65,18.09,55.4,4.6977
kisangani,100,CD,1584820610,98,0.52,25.2,69.63800000000005,3.28839
tabou,100,CI,1584820612,86,4.42,-7.35,78.27800000000006,2.55018
etchoropo,33,MX,1584820614,34,26.77,-109.67,82.00400000000005,5.99516
rosetta,0,EG,1584820616,62,31.4,30.42,57.2,6.9347
mount isa,1,AU,1584820510,56,-20.73,139.5,68.0,4.6977
kiunga,100,PG,1584820620,99,-6.12,141.29,72.69800000000002,0.87243
port elizabeth,4,ZA,1584820619,88,-33.92,25.57,64.4,3.3555
lesnoy,1,RU,1584820625,89,57.62,63.08,17.978000000000065,6.0399
palu,100,ID,1584820627,98,-0.89,119.87,66.03800000000004,1.94619
muisne,75,EC,1584820629,83,0.6,-80.03,82.4,8.0532
ranau,20,MY,1584820631,88,5.95,116.66,78.8,3.3555
ambilobe,0,MG,1584820633,84,-13.2,49.05,75.93800000000005,9.68621
viransehir,0,TR,1584820635,70,37.24,39.76,46.23800000000004,11.07315
nelson bay,37,AU,1584820637,93,-32.72,152.15,69.00800000000001,2.0133
biltine,100,TD,1584820639,10,14.53,20.92,81.69800000000002,11.610030000000002
yar-sale,56,RU,1584820642,91,66.83,70.83,-4.881999999999962,5.97279
inuvik,75,CA,1584820644,79,68.35,-133.72,28.4,5.8162
cravo norte,70,CO,1584820646,23,6.3,-70.2,98.61800000000008,11.00604
labuhan,37,ID,1584820648,87,-6.88,112.21,75.03800000000004,1.90145
finnsnes,100,NO,1584820650,80,69.23,17.98,33.8,31.0943
parrita,40,CR,1584820473,44,9.52,-84.32,82.4,20.804100000000002
sergeyevka,100,KZ,1584820654,93,53.88,67.42,26.978000000000065,20.89358
abu dhabi,18,AE,1584820295,69,24.47,54.37,75.99199999999999,13.8694
aloleng,23,PH,1584820659,79,16.13,119.78,72.51800000000009,2.57255
bayeux,100,BR,1584820661,66,-7.12,-34.93,86.0,9.1717
baruun-urt,16,MN,1584820665,72,46.68,113.28,25.178000000000065,8.008460000000001
mananjary,94,MG,1584820667,74,-21.22,48.33,78.63800000000005,7.69528
olinda,20,BR,1584820669,62,-8.01,-34.86,87.8,10.2902
sopot,40,PL,1584820671,80,54.44,18.56,35.00600000000003,11.4087
bathsheba,40,BB,1584820673,62,13.22,-59.52,84.2,17.2249
pisco,20,PE,1584820676,30,-13.7,-76.22,80.00600000000003,10.2902
stanislav,100,UA,1584820678,99,46.57,32.15,46.99400000000007,14.518130000000001
port lincoln,82,AU,1584820680,82,-34.73,135.87,61.898000000000025,10.20072
nadym,0,RU,1584820682,92,65.53,72.52,-8.301999999999978,4.89903
ponta delgada,20,PT,1584820684,62,37.73,-25.67,55.4,17.2249
laguna,1,US,1584820591,62,38.42,-121.42,64.99400000000007,3.3555
port-gentil,40,GA,1584820690,88,-0.72,8.78,82.4,6.9347
surt,32,LY,1584820413,24,31.21,16.59,68.37800000000007,23.376649999999998
sungai udang,40,MY,1584820497,83,2.27,102.14,78.8,2.237
katherine,3,AU,1584820699,73,-14.47,132.27,71.6,5.570130000000001
puli,40,TW,1584820596,78,23.97,120.97,73.99400000000007,8.0532
anshun,53,CN,1584820703,75,26.25,105.93,59.19800000000002,3.51209
muzhi,72,RU,1584820707,82,65.37,64.67,11.318000000000087,13.287780000000001
tazovskiy,82,RU,1584820709,98,67.47,78.7,-8.481999999999964,10.62575
nanortalik,100,GL,1584820712,61,60.14,-45.24,25.898000000000025,31.38511
weligama,62,LK,1584820714,90,5.97,80.42,72.87800000000007,5.50302
salinopolis,100,BR,1584820697,80,-0.61,-47.36,80.61800000000008,9.82043
sorong,100,ID,1584820718,96,-0.88,131.25,73.77800000000006,0.93954
chuy,0,UY,1584820722,58,-33.7,-53.46,73.77800000000006,9.194070000000002
fethiye,0,TR,1584820724,87,36.62,29.12,50.0,4.6977
deputatskiy,83,RU,1584820726,100,69.3,139.9,-9.741999999999948,0.6263600000000001
breyten,16,ZA,1584820728,94,-26.3,29.99,53.978000000000065,4.11608
victoria,40,HK,1584820731,94,22.29,114.16,73.99400000000007,6.9347
gondang,61,ID,1584820733,88,-7.01,111.32,74.13800000000005,1.43168
torbay,40,CA,1584820735,69,47.67,-52.73,37.004000000000055,41.3845
udachnyy,0,RU,1584820737,63,66.42,112.4,-9.399999999999949,6.711
la seyne-sur-mer,83,FR,1584820739,87,43.1,5.88,55.99400000000007,2.237
naron,90,ES,1584820741,87,43.52,-8.15,55.004000000000055,5.8162
roma,1,US,1584820743,34,43.21,-75.46,37.99400000000007,8.0532
wawina,0,HN,1584820745,58,15.42,-84.43,84.21800000000009,6.509670000000001
talnakh,40,RU,1584820748,84,69.49,88.4,-2.199999999999946,20.133000000000003
santa cruz de la palma,40,ES,1584820750,55,28.68,-17.76,64.4,18.3434
maniitsoq,12,GL,1584820752,70,65.42,-52.9,16.178000000000065,10.26783
longyearbyen,75,SJ,1584820621,78,78.22,15.64,17.6,9.1717
niquelandia,100,BR,1584820756,93,-14.47,-48.46,74.13800000000005,3.0870599999999997
itoman,90,JP,1584820758,87,26.12,127.67,73.4,12.750900000000001
hambantota,70,LK,1584820760,79,6.12,81.12,78.63800000000005,9.97702
sitka,90,US,1584820762,80,57.05,-135.33,39.2,5.8162
hamilton,90,US,1584820764,74,39.18,-84.53,39.2,6.9347
ahipara,5,NZ,1584820767,82,-35.17,173.17,68.37800000000007,13.891770000000001
palmer,1,US,1584820769,15,42.16,-72.33,51.008,10.2902
reconquista,0,AR,1584820771,21,-29.15,-59.65,88.53800000000004,6.464930000000001
smithers,20,CA,1584820773,51,54.78,-127.17,39.2,5.8162
conakry,0,GN,1584820750,66,9.54,-13.68,84.2,9.1717
bud,90,US,1584820777,59,39.45,-86.18,37.99400000000007,6.9347
faya,20,SA,1584820779,87,18.39,42.45,60.8,11.4087
tessalit,33,ML,1584820781,10,20.2,1.01,77.37800000000007,8.45586
zyryanka,73,RU,1584820784,77,65.75,150.85,-6.501999999999974,3.78053
tshikapa,97,CD,1584820786,95,-6.42,20.8,68.19800000000002,2.25937
sangar,100,RU,1584820788,94,63.92,127.47,13.838000000000044,11.050780000000001
kieta,100,PG,1584820790,77,-6.22,155.63,81.51800000000009,5.18984
matadi,100,CD,1584820792,90,-5.82,13.45,76.29800000000003,1.5659
sokoni,20,TZ,1584820794,88,-6.43,39.55,80.6,11.140260000000001
acatlan,42,MX,1584820796,47,20.15,-98.45,68.37800000000007,11.185
aykhal,0,RU,1584820798,63,66.0,111.5,-9.399999999999949,6.711
blagoyevo,42,RU,1584820803,93,63.37,47.92,8.618000000000087,5.3688
umba,0,RU,1584820805,70,66.69,34.34,27.338000000000044,19.0145
zhangye,26,CN,1584820650,34,38.93,100.45,45.338000000000044,5.122730000000001
ashland,90,US,1584820639,64,40.82,-82.27,35.99600000000005,5.8162
fortuna,40,US,1584820811,62,40.6,-124.16,62.99600000000005,9.1717
camopi,98,GF,1584820813,94,3.17,-52.32,75.75800000000001,4.40689
crown point,90,US,1584820604,68,41.42,-87.37,35.00600000000003,6.9347
kungurtug,0,RU,1584820820,71,50.6,97.52,16.358000000000004,4.74244
zalantun,0,CN,1584820824,74,48.0,122.72,17.078000000000067,5.346430000000001
vila franca do campo,20,PT,1584820826,62,37.72,-25.43,55.4,17.2249
ust-uda,100,RU,1584820828,81,54.17,103.03,24.458000000000006,0.87243
ejura,47,GH,1584820750,68,7.39,-1.36,82.59800000000003,5.97279
spencer,90,US,1584820832,49,43.14,-95.14,35.99600000000005,18.3434
galesong,20,ID,1584820834,100,-5.32,119.37,75.2,5.8162
hovd,0,MN,1584820837,34,48.01,91.64,28.598000000000024,4.474
shchigry,90,RU,1584820839,93,51.88,36.9,35.6,6.711
kattivakkam,40,IN,1584820841,78,13.22,80.32,82.99400000000007,5.8162
nipawin,1,CA,1584820843,72,53.37,-104.0,14.0,5.8162
guerrero negro,0,MX,1584820845,48,27.98,-114.06,66.39800000000002,16.91172
port macquarie,92,AU,1584820605,93,-31.43,152.92,68.0,4.85429
nantucket,1,US,1584820851,45,41.28,-70.1,44.6,14.987900000000002
bahraich,2,IN,1584820854,66,27.58,81.6,67.11800000000008,7.292619999999999
ostrovnoy,88,RU,1584820856,92,68.05,39.51,14.018000000000086,16.21825
ariquemes,100,BR,1584820858,90,-9.91,-63.04,76.11800000000008,3.28839
kingsport,90,US,1584820862,82,36.55,-82.56,57.00200000000008,8.0532
simao,0,CN,1584820864,82,22.79,100.97,52.71800000000009,1.07376
alto araguaia,65,BR,1584820866,78,-17.31,-53.22,78.63800000000005,3.44498
margate,0,GB,1584820868,75,51.38,1.39,46.4,13.8694
quelimane,0,MZ,1584820871,74,-17.88,36.89,75.75800000000001,6.06227
rockland,1,US,1584820875,29,41.17,-74.05,53.99600000000005,11.4087
birin,78,NP,1584820877,71,26.89,88.07,48.038000000000046,2.75151
kenai,90,US,1584820879,99,60.55,-151.26,33.998000000000026,1.09613
boda,100,CF,1584820881,79,4.32,17.47,72.87800000000007,5.301690000000001
cap-chat,100,CA,1584820883,74,49.1,-66.68,10.958000000000006,18.61184
edson,75,CA,1584820850,69,53.58,-116.44,32.0,17.2249
arkhangelsk,20,RU,1584820727,85,64.54,40.54,17.6,2.237
meulaboh,97,ID,1584820890,78,4.14,96.13,81.51800000000009,7.65054
vestmannaeyjar,40,IS,1584820892,74,63.44,-20.27,33.8,18.3434
olafsvik,100,IS,1584820894,57,64.89,-23.71,31.838000000000044,27.604580000000002
guna,1,IN,1584820896,35,24.65,77.32,71.79800000000003,6.2636
richards bay,100,ZA,1584820703,88,-28.78,32.04,77.37800000000007,8.67956
shingu,100,JP,1584820900,84,33.73,135.98,58.29800000000002,6.75574
chicama,20,PE,1584820903,78,-7.84,-79.15,75.2,8.0532
muyezerskiy,0,RU,1584820905,87,63.93,31.65,13.478000000000065,4.54111
shush,47,IR,1584820907,61,32.19,48.24,62.61800000000009,13.13119
ahuimanu,40,US,1584820909,74,21.44,-157.84,78.8,8.0532
avera,75,US,1584820911,51,33.19,-82.53,82.99400000000007,11.4087
mirai,100,BR,1584820913,99,-21.2,-42.61,69.99800000000002,3.6463099999999997
lao cai,55,VN,1584820915,92,22.48,103.95,68.91800000000009,0.24607
vermillion,75,US,1584820621,59,42.78,-96.93,35.00600000000003,16.1064
zyryanovsk,82,KZ,1584820919,57,49.74,84.27,24.458000000000006,2.25937
cordoba,0,AR,1584820922,45,-31.41,-64.18,86.0,20.804100000000002
khatanga,100,RU,1584820924,89,71.97,102.5,1.7780000000000662,13.422
egvekinot,30,RU,1584820926,84,66.32,-179.17,-8.661999999999956,2.4607
jhol,40,PK,1584820930,65,25.96,68.89,77.0,4.6977
sorland,100,NO,1584820932,75,67.67,12.69,39.038000000000046,32.48124
necochea,67,AR,1584820934,34,-38.55,-58.74,87.99800000000002,8.008460000000001
marawi,92,PH,1584820936,91,8.0,124.29,73.99400000000007,7.00181
golden,75,US,1584820711,31,39.76,-105.22,51.8,4.6977
myitkyina,8,MM,1584820943,95,25.38,97.4,59.19800000000002,3.46735
shenjiamen,100,CN,1584820945,96,29.96,122.3,57.938000000000045,4.004230000000001
leningradskiy,0,RU,1584820947,72,69.38,178.42,-7.761999999999958,4.36215
najran,100,SA,1584820949,50,17.49,44.13,77.0,4.6977
eldorado,0,BR,1584820835,54,-23.79,-54.28,76.11800000000008,3.0870599999999997
palimbang,100,PH,1584820953,77,6.21,124.19,80.61800000000008,6.62152
gimli,29,CA,1584820956,42,50.63,-96.99,28.004000000000055,8.99274
zanjan,100,IR,1584820960,94,36.67,48.48,27.878000000000064,7.98609
zhengjiatun,0,CN,1584820962,52,43.51,123.51,29.678000000000065,8.097940000000001
coquimbo,20,CL,1584820964,60,-29.95,-71.34,68.0,12.750900000000001
kununurra,1,AU,1584820966,83,-15.77,128.73,75.2,2.237
charters towers,39,AU,1584820968,92,-20.1,146.27,69.63800000000005,4.65296
sao felix do xingu,100,BR,1584820970,95,-6.64,-51.99,77.91800000000009,0.85006
antalaha,17,MG,1584820972,81,-14.9,50.28,79.89800000000002,14.786570000000001
tuatapere,89,NZ,1584820975,89,-46.13,167.68,53.00600000000003,15.994550000000002
nagybajom,75,HU,1584820981,80,46.39,17.51,41.0,16.1064
itaueira,97,BR,1584820983,92,-7.6,-43.03,75.57800000000006,4.004230000000001
valparaiso,90,CL,1584820985,59,-33.04,-71.63,66.2,9.1717
samarai,87,PG,1584820987,87,-10.62,150.67,78.99800000000002,2.75151
port augusta,90,AU,1584820957,77,-32.5,137.77,64.4,12.750900000000001
puri,20,IN,1584820994,94,19.8,85.85,75.2,3.28839
baykit,100,RU,1584820996,97,61.67,96.37,23.738000000000046,3.93712
upata,91,VE,1584820998,50,8.01,-62.4,83.858,6.688630000000001
kindu,100,CD,1584821002,98,-2.95,25.95,71.25800000000001,3.37787
angoche,0,MZ,1584821004,88,-16.23,39.91,73.59800000000003,3.82527
marsa matruh,0,EG,1584821007,62,31.35,27.25,57.2,4.6977
kudat,75,MY,1584821009,94,6.88,116.85,77.0,8.61245
galle,3,LK,1584821011,79,6.04,80.22,80.25800000000001,13.668070000000002
san carlos de bariloche,75,AR,1584821013,39,-41.15,-71.31,62.6,24.1596
oistins,40,BB,1584820871,62,13.07,-59.53,84.2,17.2249
hofn,100,IS,1584821017,61,64.25,-15.21,38.13800000000005,31.899620000000002
ergani,0,TR,1584821019,75,38.27,39.76,44.6,9.1717
taldan,0,RU,1584821021,88,53.67,124.8,8.258000000000003,3.87001
altay,6,CN,1584821024,28,47.87,88.12,25.538000000000046,5.97279
kongolo,100,CD,1584821026,93,-5.38,27.0,71.25800000000001,1.74486
alice springs,0,AU,1584821028,52,-23.7,133.88,66.2,10.312570000000001
nago,90,JP,1584821030,90,26.59,127.98,73.4,12.750900000000001
honningsvag,100,NO,1584821032,91,70.98,25.97,37.59800000000003,28.298050000000003
karlshamn,0,SE,1584821034,68,56.17,14.86,35.00600000000003,6.9347
torbeyevo,83,RU,1584821036,62,54.08,43.25,28.058000000000003,12.460090000000001
alta floresta,75,BR,1584821038,58,-9.88,-56.09,87.8,5.8162
gaoua,75,BF,1584821041,34,10.3,-3.25,93.03800000000004,5.68198
ust-karsk,98,RU,1584821043,80,52.7,118.81,13.298000000000023,1.92382
quatre cocos,40,MU,1584821049,65,-20.21,57.76,78.8,10.2902
saint-philippe,90,RE,1584820496,73,-21.36,55.77,77.0,9.1717
esperance,90,AU,1584820805,93,-33.87,121.9,62.6,14.987900000000002
sao filipe,36,CV,1584821060,82,14.9,-24.5,69.81800000000008,15.54715
ixtapa,5,MX,1584820804,69,20.7,-105.2,80.99600000000005,9.1717
springdale,1,US,1584820843,46,36.19,-94.13,53.99600000000005,4.6977
elizabeth city,90,US,1584820606,93,36.29,-76.25,53.99600000000005,12.750900000000001
gberia fotombu,5,SL,1584821070,26,9.88,-11.17,84.39800000000002,2.16989
jega,100,NG,1584821072,25,12.22,4.38,86.91800000000009,3.95949
russell,90,US,1584821074,57,32.35,-85.2,78.8,6.9347
tibati,93,CM,1584820607,42,6.47,12.63,78.81800000000008,4.94377
mountain home,1,US,1584821079,30,43.13,-115.69,57.2,10.2902
talara,0,PE,1584821081,100,-4.58,-81.27,62.6,11.4087
cockburn town,40,TC,1584821083,65,21.46,-71.14,82.4,17.2249
mikhaylov,76,RU,1584821085,42,54.23,39.02,28.994000000000074,2.99758
adrar,23,MR,1584820662,25,20.5,-10.07,70.358,9.12696
sur,77,OM,1584821089,82,22.57,59.53,74.31800000000008,12.929860000000001
tiquicheo,1,MX,1584821091,29,18.88,-100.73,96.458,2.25937
tuntum,99,BR,1584821093,94,-5.26,-44.65,75.57800000000006,3.22128
farmington,1,US,1584821096,37,36.73,-108.22,55.4,9.1717
hirara,67,JP,1584821098,91,24.8,125.28,74.31800000000008,17.35912
kupang,96,ID,1584820865,75,-10.17,123.58,81.158,9.64147
ambulu,36,ID,1584821102,79,-8.35,113.61,80.07800000000006,5.301690000000001
inirida,89,CO,1584821104,41,3.87,-67.92,94.29800000000003,2.30411
ishigaki,62,JP,1584821106,90,24.34,124.16,74.67800000000007,16.15114
sawakin,100,SD,1584820666,76,19.11,37.33,74.67800000000007,13.35489
seymchan,100,RU,1584821110,87,62.88,152.43,-0.38199999999996237,5.010880000000001
butaritari,14,KI,1584821113,76,3.07,172.79,83.49800000000002,11.99032
nara,100,JP,1584821111,81,34.69,135.8,51.998000000000026,8.0532
ati,99,TD,1584821117,11,13.22,18.34,84.93800000000005,11.341590000000002
camana,7,PE,1584821119,72,-16.62,-72.71,70.17800000000007,11.11789
nagato,75,JP,1584821121,82,34.38,131.2,55.4,1.1185
huangmei,99,CN,1584821123,94,30.19,116.03,66.75800000000001,7.87424
sungaipenuh,100,ID,1584821125,98,-2.08,101.38,62.61800000000009,1.70012
tabas,98,IR,1584821127,24,33.6,56.92,68.0,2.237
bar,100,UA,1584821130,83,49.08,27.68,37.77800000000006,9.48488
tunceli,0,TR,1584821132,86,39.11,39.55,41.0,6.9347
aksu,99,CN,1584821134,18,41.12,80.26,55.59800000000003,8.67956
nador,0,MA,1584820686,72,35.17,-2.93,59.0,3.3555
bac lieu,22,VN,1584821142,93,9.29,105.72,74.31800000000008,4.67533
lyuban,100,BY,1584821144,70,52.8,28.0,31.298000000000023,13.198300000000001
fakel,100,RU,1584821146,84,57.63,53.03,17.078000000000067,7.33736
atambua,69,ID,1584821149,85,-9.11,124.89,72.87800000000007,3.0646900000000006
hillside,40,US,1584821151,29,40.7,-74.23,53.99600000000005,6.9347
tommot,100,RU,1584821153,92,58.96,126.29,2.6780000000000648,1.8119700000000003
wasilla,90,US,1584821155,86,61.58,-149.44,35.00600000000003,4.6977
mareeba,75,AU,1584821157,88,-17.0,145.43,77.0,11.4087
selma,90,US,1584821159,76,36.57,-119.61,64.99400000000007,11.4087
wilmington,90,US,1584821021,73,34.23,-77.94,84.00200000000008,6.9347
columbus,90,US,1584820940,64,39.96,-83.0,37.99400000000007,6.9347
hrodna,0,BY,1584821168,94,53.69,23.83,30.002000000000077,9.32829
sitia,0,GR,1584821170,68,35.2,26.1,60.008,5.010880000000001
pangnirtung,90,CA,1584821172,83,66.15,-65.71,-7.599999999999952,5.8162
buala,27,SB,1584821174,77,-8.14,159.59,82.23800000000004,5.033250000000001
mozarlandia,100,BR,1584821176,87,-14.74,-50.57,79.53800000000004,5.45828
los llanos de aridane,40,ES,1584820903,55,28.66,-17.92,64.4,18.3434
cayenne,20,GF,1584821102,66,4.93,-52.33,84.2,11.4087
haines junction,100,CA,1584821182,94,60.75,-137.51,21.938000000000045,10.155980000000001
camacha,75,PT,1584821185,67,33.08,-16.33,60.8,13.8694
atar,0,MR,1584821187,27,20.52,-13.05,69.63800000000005,8.56771
fergus falls,40,US,1584821189,58,46.28,-96.08,32.0,19.4619
codrington,88,AU,1584821191,72,-38.27,141.97,58.838000000000044,21.922600000000003
arraial do cabo,75,BR,1584820905,74,-22.97,-42.03,80.6,6.9347
bull savanna,27,JM,1584821195,56,17.89,-77.59,80.43800000000005,5.212210000000001
huarmey,39,PE,1584821197,53,-10.07,-78.15,80.25800000000001,10.334940000000001
klaksvik,100,FO,1584821165,86,62.23,-6.59,41.0,17.2249
tankhoy,23,RU,1584821201,58,51.55,105.13,30.398000000000025,3.95949
cavalcante,100,BR,1584821204,88,-13.8,-47.46,69.99800000000002,4.36215
aswan,0,EG,1584820886,23,24.09,32.91,64.4,24.1596
doha,0,QA,1584820953,78,25.29,51.53,75.2,9.1717
barra do garcas,41,BR,1584821210,90,-15.89,-52.26,78.99800000000002,2.97521
rehoboth,12,NA,1584821212,39,-23.32,17.08,73.77800000000006,8.07557
salinas,75,US,1584821214,63,36.68,-121.66,62.00600000000003,9.1717
kasiri,40,SL,1584821216,70,8.94,-13.11,86.0,10.2902
san cristobal,40,VE,1584821099,45,7.77,-72.22,86.0,11.4087
porto novo,20,BJ,1584820928,88,6.5,2.6,82.4,10.2902
pontianak,99,ID,1584821035,97,-0.03,109.33,72.69800000000002,1.72249
uvinza,100,TZ,1584821026,97,-5.1,30.39,65.858,2.86336
husavik,75,IS,1584821227,70,66.04,-17.34,32.0,25.278100000000002
beringovskiy,100,RU,1584821229,74,63.05,179.32,18.698000000000025,8.5006
jian,0,CN,1584821231,91,27.12,114.98,68.73800000000004,4.67533
mehamn,100,NO,1584821233,97,71.04,27.85,33.81800000000008,22.79503
lusambo,90,CD,1584821180,92,-4.97,23.45,69.458,2.19226
mattru,3,SL,1584821237,70,7.62,-11.83,80.79800000000003,5.72672
anaconda,20,US,1584821240,33,46.13,-112.94,46.004000000000055,6.9347
calama,10,CL,1584821124,34,-22.47,-68.93,66.57800000000006,20.75936
payo,100,ID,1584821244,98,-3.75,103.64,68.91800000000009,0.6711
puerto escondido,5,MX,1584821173,70,15.85,-97.07,84.2,9.1717
bokoro,69,TD,1584821250,10,12.38,17.06,86.73800000000004,11.341590000000002
mlonggo,100,ID,1584821252,75,-6.53,110.7,83.31800000000008,8.47823
dankov,75,RU,1584821254,69,53.25,39.16,32.0,8.948
nioro,0,GM,1584821197,16,13.35,-15.75,88.71800000000009,7.292619999999999
yumen,53,CN,1584821259,32,40.28,97.2,44.978000000000065,10.44679
orichi,3,RU,1584821261,87,58.4,49.06,15.278000000000066,5.79383
kandrian,97,PG,1584821263,93,-6.22,149.55,75.93800000000005,2.25937
vitim,100,RU,1584821265,97,59.45,112.56,18.878000000000064,1.58827
hede,100,CN,1584821267,76,33.77,120.25,50.19800000000002,24.49515
san policarpo,9,PH,1584821269,85,12.18,125.51,79.53800000000004,10.82708
mouila,100,GA,1584821271,89,-1.87,11.06,72.51800000000009,1.87908
idrinskoye,93,RU,1584821273,97,54.37,92.14,26.618000000000087,3.40024
oktyabrskoye,19,RU,1584821275,66,43.06,44.74,34.71800000000009,4.183190000000001
sabang,74,ID,1584821113,62,5.89,95.32,83.31800000000008,5.50302
poum,91,NC,1584821280,76,-20.23,164.02,79.358,16.53143
malm,10,NO,1584821282,47,64.07,11.22,33.998000000000026,11.4087
miles city,1,US,1584821284,39,46.41,-105.84,48.2,3.3555
portland,1,US,1584821286,58,45.52,-122.68,55.004000000000055,3.3555
rocha,0,UY,1584821288,63,-34.48,-54.33,71.25800000000001,5.92805
denpasar,20,ID,1584821290,94,-8.65,115.22,80.6,3.3555
takoradi,0,GH,1584821292,82,4.88,-1.76,80.43800000000005,5.010880000000001
nouakchott,0,MR,1584821018,44,18.09,-15.98,78.8,13.8694
saint anthony,90,US,1584821297,37,45.02,-93.22,37.99400000000007,13.8694
nouadhibou,63,MR,1584821299,60,20.93,-17.03,69.8,19.4619
gikongoro,99,RW,1584821301,95,-2.46,29.57,56.31800000000008,3.01995
mataram,0,ID,1584821030,77,-8.58,116.12,81.158,5.480650000000001
manuk mangkaw,0,PH,1584821307,79,4.8,119.85,80.79800000000003,6.86759
markova,100,UA,1584821309,98,48.68,24.41,28.418000000000085,3.6239400000000006
hanna,32,CA,1584821311,59,51.63,-111.9,33.998000000000026,8.99274
bonthe,0,SL,1584821313,73,7.53,-12.51,80.61800000000008,8.63482
ampanihy,35,MG,1584821271,84,-24.7,44.75,72.33800000000005,3.26602
tiznit,80,MA,1584821318,79,29.58,-9.5,48.398000000000025,13.019340000000001
olavarria,35,AR,1584821320,36,-36.89,-60.32,82.99400000000007,4.004230000000001
paamiut,100,GL,1584821322,57,61.99,-49.67,21.038000000000046,8.61245
kauhajoki,0,FI,1584821324,73,62.43,22.18,24.998000000000026,4.6977
berdigestyakh,99,RU,1584821326,95,62.1,126.7,7.178000000000065,3.84764
chirilagua,0,SV,1584821328,70,13.22,-88.14,82.59800000000003,18.231550000000002
walvis bay,9,NA,1584821330,77,-22.96,14.51,64.4,5.8162
voh,0,NC,1584821333,76,-20.97,164.7,76.658,6.174119999999999
naze,90,JP,1584821335,77,28.37,129.48,69.8,10.2902
tighnabruaich,100,GB,1584821337,60,55.9,-5.24,44.6,10.2902
inhambane,6,MZ,1584820953,83,-23.86,35.38,73.4,11.6324
broome,1,US,1584821343,34,42.25,-75.83,39.992,6.9347
umm lajj,0,SA,1584821345,47,25.02,37.27,58.658,8.47823
shizunai,0,JP,1584821347,85,42.33,142.37,31.118000000000087,3.44498
boyolangu,88,ID,1584821349,94,-8.12,111.89,73.41800000000009,5.033250000000001
kargasok,100,RU,1584821352,98,59.06,80.86,32.19800000000002,5.68198
pokrovskoye,100,RU,1584821354,81,47.42,38.9,46.99400000000007,7.00181
yarmouth,1,US,1584821265,38,41.71,-70.23,48.992,10.2902
chumikan,100,RU,1584821358,85,54.72,135.31,15.278000000000066,5.167470000000001
pune,0,IN,1584820861,70,18.52,73.86,65.13800000000005,2.48307
kenora,40,CA,1584821362,25,49.82,-94.43,26.6,10.2902
svetlyy,40,RU,1584821364,64,54.67,20.13,33.8,17.896
oyama,20,JP,1584821366,93,36.3,139.8,57.992,1.1185
milas,0,TR,1584821368,87,37.32,27.78,46.4,4.6977
hay river,75,CA,1584821371,86,60.82,-115.8,32.0,23.041100000000004
nome,90,US,1584821373,94,64.5,-165.41,19.994000000000074,16.1064
vera cruz,100,BR,1584821375,87,-12.63,-41.03,74.858,3.53446
laela,6,TZ,1584821377,92,-8.57,32.05,62.07800000000007,2.4607
merauke,100,ID,1584821381,94,-8.47,140.33,72.87800000000007,6.420190000000001
birao,44,CF,1584820996,8,10.28,22.79,81.33800000000005,8.56771
red bluff,1,US,1584821386,36,40.18,-122.24,71.00600000000003,5.033250000000001
ellisras,19,ZA,1584821388,74,-23.66,27.74,66.93800000000005,12.460090000000001
sanchor,87,IN,1584821390,68,24.76,71.77,72.51800000000009,7.22551
kaseda,100,JP,1584821392,77,31.42,130.32,59.0,2.99758
yatou,0,CN,1584821394,64,37.15,122.38,42.458000000000006,9.66384
mocuba,12,MZ,1584821396,90,-16.84,36.99,68.91800000000009,2.43833
lubango,59,AO,1584821089,95,-14.92,13.49,60.09800000000003,2.28174
dedougou,81,BF,1584821400,19,12.47,-3.47,92.858,4.22793
saint-leu,90,RE,1584821160,73,-21.15,55.28,77.0,9.1717
darnah,0,LY,1584821409,72,32.77,22.64,60.09800000000003,18.09733
